year,city,med_park_size_data,park_pct_city_data,pct_near_park_data,spend_per_resident_data,basketball_data,dogpark_data,playground_data,rec_sr_data,restroom_data,splashground_data
2012,Charlotte,19.9,4.10%,26%,$78.94,NA,NA,1.25,NA,NA,NA
2018,Charlotte,18,4%,28%,$47,1.1,0.6,1.9,0.5,0.6,0.8
2013,Charlotte,16.97,5.01%,26%,$77.33,NA,NA,1.25,NA,NA,NA
2014,Charlotte,16.8,5.10%,27%,$69,NA,NA,1.2,NA,NA,NA
2015,Charlotte,16.8,5.60%,27%,$51,1.1,0.6,1.8,0.5,NA,NA
2018,Nashville,16.7,11%,37%,$100,3,1.2,3.1,0.8,1.7,0.4
2019,Nashville,16.7,11%,42%,$98,3.8,1.2,2.1,0.8,0.8,0.4
2020,Nashville,16.7,11%,43%,$83,3.8,1.2,2.1,0.8,0.9,0.4
2017,Charlotte,16.6,4%,27%,$45,1.3,0.7,2.3,0.6,NA,NA
2019,Charlotte,16.5,6%,36%,$48,3.7,0.5,2.1,0.5,0.5,0.7
2020,Charlotte,16.5,6%,37%,$56,3.7,0.6,2.1,0.5,0.6,0.8
2016,Charlotte,15.9,6%,27%,$44,1.1,0.6,1.9,0.5,NA,NA
2013,Phoenix,14.79,14.24%,46%,$111.67,NA,NA,1.14,NA,NA,NA
2012,Phoenix,14.6,14.20%,44%,$128.52,NA,NA,1.04,NA,NA,NA
2016,Phoenix,14.6,15%,45%,$88,0.9,0.6,1.7,0.5,NA,NA
2017,Phoenix,14.6,15%,45%,$80,0.9,0.6,1.7,0.4,NA,NA
2020,Phoenix,14.6,15%,49%,$89,1.8,0.7,1.7,0.4,2.4,0.6
2019,Phoenix,14.6,15%,49%,$87,0.9,0.7,1.6,0.4,2.5,0.6
2018,Phoenix,14.6,15%,45%,$87,0.9,0.7,1.6,0.4,2.5,0.6
2015,Phoenix,14.4,15.00%,45%,$98,0.9,0.4,1.7,0.5,NA,NA
2016,"Arlington, Texas",14.3,8%,55%,$90,0.7,0.3,1.3,0.3,NA,NA
2014,"Arlington, Texas",14.1,7.70%,53%,$77,NA,NA,1.3,NA,NA,NA
2015,"Arlington, Texas",14.1,7.70%,55%,$86,0.7,0.3,1.3,0.3,NA,NA
2017,"Arlington, Texas",14.1,8%,55%,$90,0.7,0.3,1.3,0.3,NA,NA
2013,"Arlington, Texas",14,7.63%,53%,$76.33,NA,NA,1.31,NA,NA,NA
2018,Plano,13.5,9%,75%,$197,3,0.3,2.4,0.3,1.4,0.3
2019,Plano,13.5,10%,75%,$211,7.3,0.3,4.6,0.3,1.5,0.3
2020,Plano,13.5,10%,75%,$226,7.1,1,2.3,0.3,1.5,0.7
2016,Scottsdale,13.5,25%,37%,$116,1.5,1.3,1.6,0.8,NA,NA
2017,Scottsdale,13.5,25%,37%,$105,1.5,1.3,1.6,0.8,NA,NA
2018,Scottsdale,13.5,25%,38%,$109,1.5,1.3,1.5,0.8,3.1,1.3
2019,Scottsdale,13.5,27%,40%,$111,1.4,1.2,1.5,0.7,3,1.2
2020,Scottsdale,13.5,27%,40%,$109,1.4,1.2,1.5,0.7,3,1.6
2017,Plano,13.3,9%,74%,$147,1.8,0.4,2.5,0.4,NA,NA
2015,Plano,13.3,9.20%,74%,$125,1.8,0.4,2.6,0.4,NA,NA
2016,Plano,13.3,11%,74%,$125,1.8,0.4,2.6,0.4,NA,NA
2013,Nashville,13.25,7.10%,36%,$72.00,NA,NA,2.01,NA,NA,NA
2017,Nashville,13.2,11%,38%,$106,3,1,2.1,0.8,NA,NA
2016,Nashville,13.2,11%,38%,$90,3.1,0.9,2.2,0.8,NA,NA
2012,Nashville,12.9,5.90%,36%,$91.33,NA,NA,1.88,NA,NA,NA
2014,Nashville,12.9,9.30%,37%,$62,NA,NA,2.1,NA,NA,NA
2015,Nashville,12.9,10.10%,38%,$73,3.1,0.8,2.1,0.8,NA,NA
2014,Riverside,12.7,7.00%,45%,$115,NA,NA,1.3,NA,NA,NA
2016,Riverside,12.7,7%,46%,$70,2.5,1.3,1.4,1.2,NA,NA
2017,Riverside,12.7,7%,47%,$68,3.1,1.3,1.5,1.2,NA,NA
2015,Riverside,12.7,7.30%,46%,$88,2.5,1.3,1.4,1.1,NA,NA
2020,"Arlington, Texas",12.6,8%,58%,$102,1.7,0.5,1.5,0.3,1.2,1.3
2018,"Arlington, Texas",12.6,8%,53%,$89,1.7,0.5,1.7,0.3,2.1,0.8
2019,"Arlington, Texas",12.6,8%,57%,$92,1.7,0.5,1.5,0.3,1.2,1.3
2018,Kansas City,11.7,9%,65%,$126,2.7,0.8,2.4,0.4,1.5,3.1
2020,Kansas City,11.7,9%,70%,$132,2.7,0.8,4.4,0.4,0.8,3
2019,Kansas City,11.7,9%,69%,$127,2.7,0.8,2.5,0.4,0.8,3
2018,San Antonio,11.7,10%,38%,$93,1.6,0.8,1.7,0.7,3,0.3
2019,San Antonio,11.7,10%,42%,$90,1.7,0.9,1.7,0.8,1.5,0.3
2014,Kansas City,11.6,9.00%,64%,$121,NA,NA,2.2,NA,NA,NA
2016,Kansas City,11.6,9%,65%,$120,1.6,0.6,2.3,0.4,NA,NA
2017,Kansas City,11.6,9%,65%,$122,1.7,0.6,2.4,0.4,NA,NA
2015,Kansas City,11.6,9.10%,65%,$116,1.6,0.6,2.2,0.4,NA,NA
2017,San Antonio,11.6,10%,38%,$95,1.7,0.8,1.7,0.7,NA,NA
2016,San Antonio,11.5,9%,36%,$95,1.7,0.5,1.7,0.7,NA,NA
2014,San Antonio,11.4,8.40%,35%,$56,NA,NA,1.5,NA,NA,NA
2015,San Antonio,11.4,8.70%,34%,$100,1.6,0.4,1.6,0.6,NA,NA
2018,Lexington,11.3,2%,52%,$83,3.7,1.9,2,0.5,4,0.6
2016,Durham,11.3,4%,48%,$82,1.8,1.2,2.3,0.8,NA,NA
2018,Wichita,11.3,5%,52%,$52,1,0.8,2.1,0.5,4,1.5
2019,Wichita,11.3,5%,53%,$57,1,0.7,2.1,0.4,3.9,1.5
2016,Wichita,11.3,5%,50%,$47,1,0.8,2.1,0.5,NA,NA
2020,Wichita,11.3,5%,54%,$67,1,1,2.2,0.4,2,1.5
2019,Des Moines,11.2,12%,69%,$76,2.7,1.3,2.6,0.2,2,6.6
2020,Des Moines,11.2,13%,70%,$94,2.7,1.3,2.6,0.8,2.1,7.4
2016,Lexington,11.1,2%,51%,$82,4,1.3,2.1,0.3,NA,NA
2020,Lexington,11.1,2%,54%,$79,3.9,1.8,3.1,0.5,2.4,1.2
2017,Lexington,11.1,2%,51%,$82,3.9,1.6,2,0.4,NA,NA
2019,Lexington,11.1,2%,53%,$81,3.3,1.9,1.9,0.5,2.4,1.2
2015,Lexington,11.1,2.40%,51%,$74,4,1.3,2.1,0.3,NA,NA
2012,San Antonio,11.1,7.90%,32%,$62.79,NA,NA,1.3,NA,NA,NA
2013,San Antonio,11.08,7.92%,33%,$56.00,NA,NA,1.3,NA,NA,NA
2014,Phoenix,11,15.00%,45%,$96,NA,NA,1.1,NA,NA,NA
2015,Wichita,10.8,4.70%,50%,$47,1,0.5,2.1,0.5,NA,NA
2017,Wichita,10.8,5%,51%,$51,1,0.8,2.2,0.5,NA,NA
2019,Riverside,10.5,6%,51%,$76,3,0.6,1.5,1.1,2.4,1.9
2018,Riverside,10.5,7%,48%,$73,3,0.6,2.4,1.1,2.4,1.9
2020,Riverside,10.5,7%,51%,$78,3,0.6,1.5,1.1,2.4,1.9
2012,Indianapolis,10.3,4.80%,32%,$43.61,NA,NA,1.6,NA,NA,NA
2014,Indianapolis,10.3,5.00%,32%,$34,NA,NA,1.6,NA,NA,NA
2015,Indianapolis,10.3,5.00%,33%,$27,2.2,0.5,1.5,0.5,NA,NA
2013,Indianapolis,10.25,4.83%,32%,$40.33,NA,NA,1.56,NA,NA,NA
2015,Austin,10.1,14.50%,48%,$83,1.7,1.4,1.2,0.6,NA,NA
2014,Austin,10.1,14.70%,48%,$67,NA,NA,1.3,NA,NA,NA
2012,Memphis,10,4.50%,40%,$60.32,NA,NA,1.68,NA,NA,NA
2013,Memphis,10,4.53%,40%,$69.41,NA,NA,1.76,NA,NA,NA
2013,Wichita,10,4.54%,50%,$54.67,NA,NA,2.12,NA,NA,NA
2014,Wichita,10,4.70%,50%,$49,NA,NA,2.1,NA,NA,NA
2014,Memphis,10,4.80%,39%,$65,NA,NA,1.8,NA,NA,NA
2015,Memphis,10,4.80%,41%,$57,2.9,0.5,1.8,0.9,NA,NA
2017,Memphis,10,5%,42%,$54,3,0.5,1.8,1,NA,NA
2016,Memphis,10,5%,41%,$53,2.9,0.5,1.8,0.9,NA,NA
2019,Memphis,10,5%,45%,$66,2.9,0.6,1.8,0.9,0.1,0.3
2020,Memphis,10,5%,46%,$76,2.9,0.6,1.8,0.9,0.1,0.5
2018,Memphis,10,5%,43%,$58,2.8,0.4,1.8,0.9,0.9,0.3
2016,Tulsa,10,8%,56%,$53,2.1,0.5,2.8,0.6,NA,NA
2020,San Antonio,10,11%,43%,$89,1.7,1,1.8,0.8,1.5,0.5
2016,Austin,10,15%,48%,$92,1.8,1.4,1.2,0.5,NA,NA
2012,Austin,10,15.20%,49%,$71.57,NA,NA,1.48,NA,NA,NA
2013,Austin,9.99,13.38%,49%,$66.33,NA,NA,1.37,NA,NA,NA
2016,Indianapolis,9.9,5%,32%,$26,2.3,0.5,1.5,0.5,NA,NA
2017,Winston-Salem,9.8,4%,35%,$42,1.3,0.4,1.9,1.5,NA,NA
2016,Winston-Salem,9.8,4%,35%,$44,1.3,0.4,1.9,1.4,NA,NA
2017,Indianapolis,9.8,5%,32%,$35,2.2,0.5,1.5,0.5,NA,NA
2020,Tulsa,9.8,7%,60%,$93,1.7,0.5,2.4,0.4,1.3,8.3
2019,Tulsa,9.8,8%,59%,$75,1.8,0.5,2.4,0.3,1.3,8.2
2016,Garland,9.8,8%,56%,$69,2.3,0,1.5,0.7,NA,NA
2013,Tulsa,9.78,6.01%,55%,$38.50,NA,NA,2.58,NA,NA,NA
2017,Lubbock,9.7,3%,53%,$46,1.1,0,2.5,0.4,NA,NA
2016,Lubbock,9.7,3%,53%,$45,1.1,0,2.5,0.4,NA,NA
2018,Lubbock,9.7,3%,54%,$44,5,0,2.2,0.4,1.5,0
2019,Lubbock,9.7,3%,55%,$39,4.8,0.8,2.2,0.4,1.3,0
2020,Lubbock,9.7,3%,56%,$35,4.8,0.8,2.2,0.4,1.3,0
2014,Tulsa,9.7,5.90%,54%,$37,NA,NA,2.6,NA,NA,NA
2015,Tulsa,9.7,7.60%,56%,$43,2.2,0.5,2.8,0.7,NA,NA
2018,Garland,9.6,7%,59%,$66,2.2,0,1.4,0.7,2.1,0
2019,Garland,9.6,7%,62%,$62,2.2,0,1.4,0.7,1.2,0
2020,Garland,9.6,7%,63%,$57,2.2,0,1.4,0.6,1.2,0
2018,Tulsa,9.6,8%,55%,$67,2.1,0.5,2.3,0.6,2.6,7.4
2017,Garland,9.5,7%,56%,$71,2.3,0,1.5,0.7,NA,NA
2017,Tulsa,9.5,8%,56%,$58,2.1,0.5,2.7,0.6,NA,NA
2014,Bakersfield,9.4,5.90%,41%,$89,NA,NA,3,NA,NA,NA
2015,Bakersfield,9.4,5.90%,42%,$96,2,1.9,3,0.4,NA,NA
2020,Winston-Salem,9.2,5%,37%,$81,1.2,1.2,1.9,1.4,2.1,4.8
2019,Winston-Salem,9.2,5%,36%,$62,1.2,0.8,1.8,1.4,2.1,2.8
2018,Winston-Salem,9.2,5%,35%,$48,1.2,0.4,1.8,1.4,2.5,2
2020,Bakersfield,9.1,6%,46%,$86,2.1,2.1,3,0.3,2.3,3.4
2019,Bakersfield,9.1,6%,46%,$81,2.1,2.1,3,0.3,2.2,3.4
2018,Bakersfield,9.1,6%,43%,$74,1.9,2.1,2.9,0.4,2.2,2.4
2017,Durham,9,4%,48%,$73,2,1.3,2.5,0.9,NA,NA
2017,Bakersfield,9,6%,43%,$80,2.1,2.3,3.2,0.5,NA,NA
2016,Bakersfield,9,6%,42%,$84,2,1.9,3,0.4,NA,NA
2018,Durham,8.8,4%,48%,$68,4.3,1.1,2.1,0.8,3.5,1.5
2016,Anaheim,8.7,7%,61%,$65,1.4,0.3,1.3,0.2,NA,NA
2014,Anaheim,8.7,7.50%,60%,$68,NA,NA,1.4,NA,NA,NA
2015,Anaheim,8.7,7.50%,61%,$65,1.4,0.3,1.4,0.2,NA,NA
2018,Austin,8.7,10%,60%,$108,2.8,1.3,1.7,0.6,2.6,1.2
2019,Austin,8.7,10%,59%,$119,2.5,1.3,1.5,0.6,1.2,1.8
2017,Anaheim,8.5,8%,62%,$72,1.4,0.6,1.4,0.2,NA,NA
2017,Austin,8.5,11%,54%,$103,2.9,1.4,1.8,0.6,NA,NA
2020,Chandler,8.4,4%,62%,$76,3.1,1.4,3.4,0.5,1.8,1.1
2019,Chandler,8.4,4%,62%,$77,3.1,1.5,2.2,0.5,1.8,1.1
2017,Chandler,8.3,4%,58%,$71,3.3,1.6,2.3,0.6,NA,NA
2018,Chandler,8.3,4%,59%,$78,3.1,1.5,2.2,0.5,1.8,0.7
2016,Chandler,8.3,4%,56%,$67,2.6,1.6,2.2,0.2,NA,NA
2020,Durham,8.3,4%,51%,$76,4.2,1.5,2,0.7,3,1.5
2019,Durham,8.3,4%,51%,$66,4.2,1.5,2.1,0.7,3.1,1.5
2019,Anaheim,8.3,8%,66%,$99,1.4,0.6,1.6,0.2,1.8,0.6
2018,Anaheim,8.3,8%,62%,$73,1.4,0.6,1.4,0.2,5,0.3
2020,Anaheim,8.3,15%,67%,$115,1.4,0.8,1.6,0.2,1.7,0.6
2020,Austin,8.2,10%,60%,$147,2.5,1.3,1.6,0.6,1.2,2.7
2013,Milwaukee,8.07,10.41%,87%,$70.67,NA,NA,1.2,NA,NA,NA
2018,Aurora,8,11%,86%,$143,1.4,0.8,2.2,0.2,2.3,1.1
2019,Aurora,8,11%,88%,$145,1.6,1.1,2.2,0.2,1.7,1.3
2020,Aurora,8,11%,88%,$149,1.6,1.1,2.2,0.2,1.7,1.3
2018,Henderson,8,13%,49%,$144,3.9,5.2,3,0.6,5.1,5.9
2019,Henderson,8,13%,52%,$136,3.7,5,2.9,0.5,5,5.7
2012,Las Vegas,7.9,3.50%,46%,$218.93,NA,NA,1.99,NA,NA,NA
2014,Aurora,7.9,10.40%,85%,$125,NA,NA,2.4,NA,NA,NA
2015,Aurora,7.9,10.50%,86%,$127,1.9,0.9,2.3,0.3,NA,NA
2017,Aurora,7.9,11%,86%,$139,1.7,0.8,2.3,0.2,NA,NA
2016,Aurora,7.9,11%,86%,$132,1.6,0.9,2.3,0.3,NA,NA
2014,Las Vegas,7.8,3.50%,46%,$207,NA,NA,1.9,NA,NA,NA
2015,Las Vegas,7.8,3.50%,58%,$163,0.9,3.6,3,0.8,NA,NA
2016,Las Vegas,7.8,6%,70%,$133,1,4.1,3.7,0.7,NA,NA
2018,Columbus,7.8,9%,52%,$104,2.1,0.6,1.7,0.7,1.9,0.5
2015,Henderson,7.8,10.70%,50%,$191,7.5,4.1,2.5,0.6,NA,NA
2018,Dallas,7.8,13%,60%,$108,2.5,0.3,1.5,0.6,1.3,0.8
2013,Las Vegas,7.75,3.53%,46%,$230.00,NA,NA,1.94,NA,NA,NA
2018,Fort Worth,7.7,6%,55%,$68,1.3,0.6,2.3,0.3,1.9,0.2
2019,Fort Worth,7.7,6%,60%,$67,1.5,0.3,2.3,0.3,0.2,0.1
2020,Fort Worth,7.7,6%,61%,$56,1.2,0.3,2.3,0.3,0.2,0.1
2015,Louisville,7.7,6.70%,33%,$51,2.4,0.8,1.8,0.4,NA,NA
2016,Louisville,7.7,7%,34%,$55,2.3,0.9,2.5,0.4,NA,NA
2017,Louisville,7.7,7%,34%,$50,2.3,0.9,2.4,0.5,NA,NA
2020,Columbus,7.7,8%,68%,$94,6.8,0.7,2.9,0.7,1,0.7
2019,Columbus,7.7,9%,59%,$101,6.9,0.7,2.9,0.7,1,0.7
2019,Dallas,7.7,9%,69%,$110,2.4,0.4,1.7,0.6,0.1,0.8
2020,Dallas,7.7,9%,71%,$108,2.4,0.3,1.7,0.6,0.1,0.8
2017,Columbus,7.7,11%,52%,$101,1.9,0.6,1.9,0.7,NA,NA
2016,Henderson,7.6,13%,49%,$178,3.6,5.4,3.1,0.6,NA,NA
2017,Henderson,7.6,13%,49%,$148,3.6,5.4,3.1,0.6,NA,NA
2017,Dallas,7.6,13%,60%,$81,2.5,0.4,1.5,0.7,NA,NA
2014,Fort Worth,7.5,5.50%,52%,$84,NA,NA,2.4,NA,NA,NA
2015,Fort Worth,7.5,5.50%,54%,$83,1.4,0.1,2.3,0.6,NA,NA
2016,Fort Worth,7.5,6%,55%,$81,1.4,0.1,2.3,0.3,NA,NA
2017,Fort Worth,7.5,6%,55%,$78,1.4,0.2,2.4,0.3,NA,NA
2014,Louisville,7.5,7.00%,32%,$55,NA,NA,1.8,NA,NA,NA
2018,Louisville,7.5,7%,33%,$55,2.2,0.9,2.2,0.5,4.8,4.2
2019,Louisville,7.5,8%,38%,$61,2.7,1.1,2.8,0.6,3.6,5.4
2020,Louisville,7.5,8%,38%,$69,2.7,1.3,3.3,0.6,3.6,6
2016,Fremont,7.5,38%,62%,$121,2.2,0.4,1.9,0.5,NA,NA
2013,Fort Worth,7.43,5.34%,53%,$76.37,NA,NA,2.39,NA,NA,NA
2012,Fort Worth,7.4,5.20%,52%,$76.16,NA,NA,2.3,NA,NA,NA
2018,Omaha,7.4,12%,78%,$79,5.2,0.4,4.3,0.7,3.8,1.6
2019,Omaha,7.4,13%,80%,$81,5.2,0.4,4.3,0.7,1.2,1.6
2012,Louisville,7.3,6.70%,32%,$50.76,NA,NA,1.65,NA,NA,NA
2017,Boise,7.3,8%,61%,$144,2.2,7.2,3.7,1.1,NA,NA
2019,Boise,7.3,9%,69%,$162,2.2,5.7,3.4,1,2.9,0.9
2020,Boise,7.3,9%,69%,$172,2.2,6,3.4,1,2.8,0.9
2018,Boise,7.3,9%,60%,$144,2,6.7,3.4,1,3.5,0.9
2016,Boise,7.3,9%,60%,$103,2.3,2.3,3.7,0.5,NA,NA
2012,Milwaukee,7.3,9.20%,87%,$59.54,NA,NA,1.19,NA,NA,NA
2017,Fremont,7.3,37%,62%,$128,2.1,0.9,2,0.5,NA,NA
2013,Louisville,7.25,7.08%,32%,$49.67,NA,NA,1.69,NA,NA,NA
2018,Oklahoma City,7.2,7%,42%,$66,1.9,0.5,1.7,0.8,2.3,2.6
2012,Dallas,7.2,10.70%,54%,$110.03,NA,NA,1.8,NA,NA,NA
2013,Dallas,7.2,10.71%,54%,$98.00,NA,NA,1.76,NA,NA,NA
2015,Dallas,7.2,12.60%,58%,$62,2.6,0.4,1.7,0.7,NA,NA
2016,Dallas,7.2,13%,58%,$63,2.6,0.4,1.7,0.7,NA,NA
2018,Chesapeake,7.2,26%,37%,$94,3.8,2.1,5,1,6.3,0
2019,Chesapeake,7.2,26%,42%,$91,3.7,2,4.9,1,1.1,0
2020,Chesapeake,7.2,26%,43%,$100,12,2,3.6,1,1.1,0.4
2017,Chula Vista,7.1,7%,53%,$44,2.1,1.2,3,0.7,NA,NA
2018,Chula Vista,7.1,7%,55%,$44,2,1.9,3.6,0.7,1.6,0.7
2014,Columbus,7.1,8.10%,49%,$65,NA,NA,1.9,NA,NA,NA
2015,Columbus,7.1,8.90%,50%,$76,1.8,0.6,1.8,0.7,NA,NA
2016,Columbus,7.1,9%,52%,$89,1.8,0.6,1.8,0.7,NA,NA
2014,Dallas,7.1,10.80%,54%,$81,NA,NA,1.7,NA,NA,NA
2014,Minneapolis,7.1,14.90%,94%,$214,NA,NA,2.9,NA,NA,NA
2018,North Las Vegas,7.1,26%,58%,$67,2.1,0.8,2.3,0.2,1,1.6
2019,North Las Vegas,7.1,26%,63%,$53,1.9,0.8,2.3,0.2,1,1.6
2020,North Las Vegas,7.1,26%,64%,$52,1.9,0.8,1.8,0.2,1,1.6
2018,Lincoln,7,7%,85%,$96,8.7,1.4,4.6,0.6,4.6,0.7
2014,Omaha,7,13.30%,76%,$64,NA,NA,4.4,NA,NA,NA
2015,Omaha,7,13.40%,78%,$74,1.9,0.5,4.3,0.7,NA,NA
2017,Omaha,7,14%,78%,$76,5.3,0.5,4.4,0.7,NA,NA
2016,Omaha,7,14%,78%,$74,2,0.5,4.4,0.7,NA,NA
2019,Chula Vista,6.9,7%,67%,$43,2,1.8,3.6,0.7,1.5,0.7
2020,Chula Vista,6.9,8%,67%,$43,2,2.6,3.5,0.7,1.5,0.7
2013,Colorado Springs,6.82,14.43%,68%,$61.67,NA,NA,3.48,NA,NA,NA
2015,Chula Vista,6.8,8.00%,52%,$40,2.1,1.2,3,0.7,NA,NA
2016,Chula Vista,6.8,8%,52%,$42,2,1.2,3,0.7,NA,NA
2015,Minneapolis,6.8,14.90%,95%,$224,1.7,1.7,2.8,2.5,NA,NA
2019,San Diego,6.8,19%,79%,$154,2.8,1.1,2.2,1,1.5,0.1
2020,San Diego,6.8,19%,81%,$153,2.8,1.2,2.4,1,1.5,0.1
2018,Honolulu,6.8,19%,65%,$57,3.6,0.4,1.5,1.6,2.6,0
2016,San Diego,6.8,22%,78%,$113,2.9,1.1,1.9,1,NA,NA
2018,San Diego,6.8,23%,77%,$141,2.8,1.1,2.1,1,1.9,0.1
2014,San Diego,6.8,23.50%,76%,$110,NA,NA,2.5,NA,NA,NA
2015,San Diego,6.8,23.50%,77%,$108,2.8,1.1,1.9,1,NA,NA
2013,San Diego,6.78,22.54%,76%,$115.67,NA,NA,1.78,NA,NA,NA
2012,Oklahoma City,6.7,5.60%,43%,$61.02,NA,NA,2.02,NA,NA,NA
2013,Oklahoma City,6.7,5.63%,42%,$63.33,NA,NA,1.95,NA,NA,NA
2014,Oklahoma City,6.7,6.90%,41%,$58,NA,NA,1.9,NA,NA,NA
2015,Oklahoma City,6.7,6.90%,42%,$56,1.4,0.5,1.9,0.8,NA,NA
2017,Oklahoma City,6.7,7%,42%,$72,2.3,0.6,2.1,0.9,NA,NA
2016,Oklahoma City,6.7,7%,42%,$54,2,0.5,1.8,0.8,NA,NA
2020,Denver,6.7,8%,91%,$130,4.8,1.8,3.6,0.8,1.2,1.6
2018,Denver,6.7,8%,86%,$121,1.5,1.4,3.6,0.8,2.4,0.9
2019,Denver,6.7,8%,90%,$115,1.4,1.8,3.5,0.8,0.8,0.8
2020,Raleigh,6.7,13%,58%,$157,5.2,1.3,2.2,1.6,2.1,1.1
2020,Omaha,6.7,13%,81%,$79,5.1,0.4,4.1,0.6,1.2,1.7
2012,Los Angeles,6.7,14.10%,52%,$55.14,NA,NA,1,NA,NA,NA
2012,San Diego,6.7,22.80%,75%,$121.47,NA,NA,1.78,NA,NA,NA
2012,Columbus,6.6,8.10%,49%,$68.94,NA,NA,1.9,NA,NA,NA
2017,Colorado Springs,6.6,9%,70%,$76,4.1,1.8,3.1,0.3,NA,NA
2016,Colorado Springs,6.6,9%,69%,$58,4.1,1.8,3.1,0.3,NA,NA
2018,Colorado Springs,6.6,9%,69%,$81,2.9,1.7,3,0.3,2.9,0.9
2015,Colorado Springs,6.6,9.30%,70%,$51,2.9,1.8,3.1,0.3,NA,NA
2014,Colorado Springs,6.6,9.50%,68%,$50,NA,NA,3.4,NA,NA,NA
2017,Minneapolis,6.6,15%,97%,$233,5,1.7,3.9,2.5,NA,NA
2018,Irvine,6.6,26%,75%,$255,2.8,0.4,2.7,1.5,2.9,0.4
2013,Columbus,6.59,7.80%,49%,$62.33,NA,NA,1.89,NA,NA,NA
2013,Minneapolis,6.51,15.07%,94%,$210.33,NA,NA,2.88,NA,NA,NA
2015,Lincoln,6.5,5.80%,86%,$89,2,0.7,4.7,0.5,NA,NA
2016,Lincoln,6.5,7%,86%,$86,3.3,0.7,4.9,0.5,NA,NA
2013,Omaha,6.5,11.75%,76%,$57.46,NA,NA,3.79,NA,NA,NA
2016,Minneapolis,6.5,15%,95%,$224,3.9,1.8,2.8,2.6,NA,NA
2019,Lincoln,6.4,7%,91%,$101,8.8,1.4,4.6,0.6,4,0.7
2020,Lincoln,6.4,7%,92%,$108,8.7,1.4,4.6,0.6,4,0.7
2016,Irvine,6.4,20%,75%,$227,2.6,0.4,2.8,1.4,NA,NA
2017,Irvine,6.4,22%,76%,$252,2.6,0.4,2.8,1.5,NA,NA
2018,Fremont,6.4,37%,61%,$123,2.1,2.6,1.9,0.5,3.8,0
2019,Fremont,6.4,49%,68%,$112,2.1,2.6,2,0.5,2.3,0.4
2020,Fremont,6.4,49%,70%,$114,2.1,2.2,2.2,0.5,4.2,0.4
2012,Denver,6.3,6.00%,79%,$122.38,NA,NA,2.42,NA,NA,NA
2014,Denver,6.3,8.20%,84%,$125,NA,NA,3.9,NA,NA,NA
2019,Colorado Springs,6.3,9%,74%,$86,2.9,1.7,2.9,0.3,1.4,0.8
2020,Colorado Springs,6.3,9%,74%,$80,2.8,1.7,3,0.3,1.3,0.8
2013,Denver,6.29,6.03%,78%,$131.33,NA,NA,2.47,NA,NA,NA
2015,Denver,6.1,7.90%,86%,$117,1.6,1.7,3.8,0.9,NA,NA
2016,Denver,6.1,8%,86%,$109,1.6,1.4,3.9,0.9,NA,NA
2020,Honolulu,6.1,15%,79%,$77,3.7,0.5,1.6,1.6,2.1,0
2019,Honolulu,6.1,17%,69%,$63,3.7,0.5,1.5,1.6,2.4,0
2019,Irvine,6.1,27%,80%,$252,17.7,0.4,4,1.8,3,0.4
2020,Irvine,6.1,27%,82%,$215,17.4,0.4,4.3,1.7,3.2,0.7
2014,Santa Ana,6,3.00%,70%,$40,NA,NA,1.3,NA,NA,NA
2015,Santa Ana,6,3.00%,71%,$42,1.3,0,1.3,0.5,NA,NA
2017,Stockton,6,3%,71%,$24,3.8,1,2.5,0.4,NA,NA
2018,Stockton,6,3%,72%,$24,3.5,1,2.3,0.4,2.8,1.6
2016,Santa Ana,6,3%,70%,$44,1.3,0,1.3,0.5,NA,NA
2019,Stockton,6,3%,74%,$23,3.5,1,2.3,0.4,2.7,1.6
2020,Stockton,6,3%,74%,$15,3.4,1,2.3,0.4,2.7,1.6
2017,Santa Ana,6,4%,72%,$46,1.2,0,1.3,0.9,NA,NA
2019,Santa Ana,6,4%,75%,$47,2.1,0,1.2,0.9,1.5,0
2020,Santa Ana,6,4%,75%,$53,2.1,0,1.2,0.9,1.6,0
2018,Santa Ana,6,4%,72%,$42,2.1,0,1,0.9,1.7,0
2017,Denver,6,8%,86%,$115,1.6,1.5,3.7,0.9,NA,NA
2016,Houston,6,14%,48%,$37,2.3,0.7,2,0.7,NA,NA
2017,Houston,6,14%,47%,$35,2.2,0.6,1.9,0.6,NA,NA
2017,Virginia Beach,6,16%,58%,$177,3.3,0.7,4.2,0.3,NA,NA
2017,Chesapeake,6,26%,38%,$80,2.5,2.1,3.1,0.8,NA,NA
2017,Lincoln,5.8,7%,86%,$88,3.6,1.6,5.1,0.8,NA,NA
2014,Sacramento,5.8,8.20%,77%,$166,NA,NA,4,NA,NA,NA
2015,Sacramento,5.8,8.20%,78%,$147,2.7,2.1,3.9,1,NA,NA
2020,Henderson,5.8,13%,60%,$141,8.2,5.2,2.9,0.5,4.7,5.5
2020,Jacksonville,5.8,14%,35%,$66,2.4,0.5,3.5,1.3,6,2.2
2018,Jacksonville,5.8,14%,33%,$41,1.8,0.6,3.7,1.4,7,0.5
2019,Jacksonville,5.8,15%,35%,$57,2.4,0.6,3.6,1.3,6.1,2.1
2013,Sacramento,5.78,8.09%,77%,$156.67,NA,NA,4.03,NA,NA,NA
2012,Sacramento,5.7,8.10%,77%,$156.62,NA,NA,3.88,NA,NA,NA
2016,Jacksonville,5.7,14%,32%,$32,1.9,0.4,3.4,1.4,NA,NA
2018,Minneapolis,5.7,15%,97%,$249,3.4,1.7,4,2.4,6.8,0.2
2020,Minneapolis,5.7,15%,98%,$319,3.5,1.7,4.1,2.3,2.9,4
2019,Minneapolis,5.7,15%,96%,$299,3.5,1.7,4.1,2.3,3,0.2
2017,San Diego,5.7,23%,77%,$120,2.8,1.2,1.9,1,NA,NA
2016,North Las Vegas,5.7,26%,58%,$145,2.2,0.4,2.4,0.2,NA,NA
2017,North Las Vegas,5.7,26%,57%,$86,2.2,0.8,2.4,0.2,NA,NA
2014,Jacksonville,5.6,13.90%,30%,$38,NA,NA,3.4,NA,NA,NA
2017,Jacksonville,5.6,14%,32%,$33,1.8,0.6,3.3,1.4,NA,NA
2014,Houston,5.6,14.10%,45%,$41,NA,NA,2,NA,NA,NA
2015,Jacksonville,5.6,14.10%,33%,$35,1.7,0.4,3.4,1.4,NA,NA
2019,Tucson,5.5,3%,63%,$57,5,1.5,2.7,0.8,1.8,0.6
2020,Tucson,5.5,3%,63%,$53,4.9,1.4,2.7,0.8,1.8,0.7
2017,Toledo,5.5,6%,76%,$44,1.9,0.7,2.8,0.1,NA,NA
2019,Toledo,5.5,6%,81%,$41,2.7,0.7,3.8,0.4,0.6,0.4
2020,Toledo,5.5,6%,81%,$40,3.2,0.7,3.9,0.4,0.6,0.7
2018,Toledo,5.5,6%,77%,$43,1.4,0.7,2.8,0.1,1.9,0.4
2017,Sacramento,5.5,8%,79%,$122,2.7,2.3,4,1,NA,NA
2016,Sacramento,5.5,9%,79%,$148,2.7,2.3,4,1,NA,NA
2016,Chesapeake,5.5,26%,38%,$68,1.9,2.1,3.2,0.8,NA,NA
2013,Los Angeles,5.45,16.25%,52%,$59.00,NA,NA,1.03,NA,NA,NA
2015,Stockton,5.4,3.00%,71%,$21,3.6,1,2.4,0.4,NA,NA
2016,Stockton,5.4,3%,71%,$15,3.6,1,2.4,0.4,NA,NA
2018,Tucson,5.4,3%,57%,$58,2.5,1.5,2,0.8,2,0.6
2019,Sacramento,5.4,7%,82%,$125,3.2,2.4,4.1,0.7,1.5,5.2
2018,Sacramento,5.4,8%,78%,$130,2.6,2.2,4.1,1,1.7,4
2020,Sacramento,5.4,9%,83%,$122,1.6,3,4.2,0.6,1.1,4.5
2015,Toledo,5.3,5.80%,76%,$44,1.9,0.4,2.8,0.1,NA,NA
2016,Toledo,5.3,6%,76%,$45,1.9,0.4,2.8,0.1,NA,NA
2012,Houston,5.2,12.90%,45%,$42.99,NA,NA,1.93,NA,NA,NA
2014,Los Angeles,5.2,16.00%,54%,$60,NA,NA,1,NA,NA,NA
2020,Virginia Beach,5.2,18%,68%,$185,3.3,0.7,4.1,0.3,2.1,0.2
2013,Houston,5.16,12.93%,46%,$43.33,NA,NA,2.06,NA,NA,NA
2016,Hialeah,5.1,1%,62%,$34,3.1,0,0.5,1.1,NA,NA
2017,Tucson,5.1,3%,57%,$71,1.2,1.5,1.8,0.8,NA,NA
2014,Raleigh,5.1,14.10%,53%,$155,NA,NA,2.2,NA,NA,NA
2015,Houston,5.1,14.30%,48%,$38,2.3,0.7,2.1,0.7,NA,NA
2013,Jacksonville,5.02,9.23%,31%,$44.85,NA,NA,3.47,NA,NA,NA
2016,Tucson,5,3%,56%,$81,1.2,1.3,1.9,0.8,NA,NA
2016,Fresno,5,3%,54%,$33,0.8,1.2,1.3,0.3,NA,NA
2015,Fresno,5,3.20%,54%,$39,0.8,1,1.2,0.3,NA,NA
2019,Oklahoma City,5,4%,38%,$70,1.9,0.4,2.5,0.8,1.2,2.9
2019,Reno,5,5%,75%,$51,3.7,1.2,2.8,0.3,2.2,2.7
2020,Reno,5,5%,76%,$52,3.6,1.2,2,0.3,2.1,2.7
2018,Reno,5,5%,74%,$50,3.8,0.8,2.9,0.3,2.5,0
2020,Oklahoma City,5,5%,38%,$57,1.7,0.3,1.6,0.7,1.1,2.4
2017,Greensboro,5,9%,60%,$67,2.5,0.8,4,0.9,NA,NA
2018,Greensboro,5,9%,59%,$66,1.6,1,3.7,0.8,2.9,0
2012,Jacksonville,5,9.20%,30%,$44.82,NA,NA,3.5,NA,NA,NA
2019,Greensboro,5,10%,63%,$66,1.6,1,3.6,0.8,2.7,1
2020,Greensboro,5,10%,63%,$67,1.5,1,3.6,0.8,2.7,1
2012,Fresno,4.9,2.10%,35%,$54.98,NA,NA,1.35,NA,NA,NA
2014,Fresno,4.9,2.20%,51%,$51,NA,NA,1.2,NA,NA,NA
2017,Cincinnati,4.9,14%,71%,$191,5,1.3,5,2.2,NA,NA
2019,Portland,4.9,18%,89%,$224,3.8,5.4,2.1,0.6,2,2.5
2018,Portland,4.9,18%,86%,$251,5.4,5.2,2.1,0.6,2,1.6
2020,Portland,4.9,18%,90%,$250,3.4,5.8,2.1,0.6,6.1,2.1
2013,Fresno,4.89,2.08%,51%,$57.67,NA,NA,1.25,NA,NA,NA
2013,Portland,4.89,16.32%,80%,$159.00,NA,NA,2.14,NA,NA,NA
2016,Glendale,4.8,5%,72%,$39,4.7,1.3,4.1,0.5,NA,NA
2017,Glendale,4.8,6%,72%,$30,4.6,1.2,4,0.7,NA,NA
2019,Glendale,4.8,6%,75%,$36,4.9,1.2,3.9,0.6,1.7,1.6
2018,Glendale,4.8,6%,72%,$31,4.6,1.2,3.9,0.6,1.7,1.6
2020,Glendale,4.8,6%,75%,$43,4.9,1.2,3.9,0.6,0.7,1.6
2020,Los Angeles,4.8,13%,62%,$132,3.5,0.3,1.1,1.1,1.3,0.4
2019,Los Angeles,4.8,13%,61%,$119,3.5,0.3,1.1,1.1,0.8,0.4
2018,Los Angeles,4.8,13%,56%,$103,2,0.3,1.1,1.1,1.3,0.4
2017,Los Angeles,4.8,13%,54%,$85,0.8,0.3,1.1,1.1,NA,NA
2016,Los Angeles,4.8,14%,55%,$80,0.8,0.3,1.1,1.1,NA,NA
2012,Portland,4.8,16.20%,78%,$162.45,NA,NA,2.12,NA,NA,NA
2015,Greensboro,4.7,9.10%,60%,$72,2.3,0.7,3.7,0.9,NA,NA
2019,Houston,4.7,11%,58%,$57,2.2,0.7,1.8,0.6,0.7,1.1
2020,Houston,4.7,12%,61%,$82,2.6,0.7,1.9,0.6,0.7,1.1
2017,Madison,4.7,13%,90%,$126,10.2,4.3,7.4,0.1,NA,NA
2016,Madison,4.7,13%,90%,$122,10.8,4.2,7.3,0.1,NA,NA
2020,Madison,4.7,14%,95%,$134,10.5,3,7,0.1,2.7,1.1
2019,Madison,4.7,14%,94%,$130,10.6,3.9,7,0.1,2.7,1.2
2018,Madison,4.7,14%,90%,$126,10.6,4,7,0.1,3.2,1.2
2018,Houston,4.7,18%,49%,$38,2.2,0.7,1.7,0.7,2.8,1.5
2018,Anchorage,4.7,84%,71%,$98,2.6,2.3,2.8,0.3,5.6,0
2019,Anchorage,4.7,84%,75%,$99,1.7,2.3,2.9,0.3,1.5,0
2020,Anchorage,4.7,84%,75%,$93,1.7,3,2.9,0.3,1.6,0
2017,Hialeah,4.6,1%,61%,$38,3.1,0,0.7,1.6,NA,NA
2015,Tampa,4.6,6.90%,60%,$127,4.9,2.8,2.3,1.8,NA,NA
2014,Tampa,4.6,7.10%,59%,$121,NA,NA,2.8,NA,NA,NA
2015,Milwaukee,4.6,8.80%,88%,$86,4.6,0.5,2.6,0.9,NA,NA
2019,Milwaukee,4.6,9%,90%,$124,5.7,0.5,2.8,0.9,4.5,1.2
2016,Milwaukee,4.6,9%,88%,$89,5.7,0.5,2.8,0.9,NA,NA
2020,Milwaukee,4.6,9%,90%,$112,5.7,0.5,3.9,0.9,5,1.5
2018,Milwaukee,4.6,10%,89%,$131,5.7,0.5,2.7,0.9,5.6,1.2
2015,Portland,4.6,17.70%,85%,$145,3.8,5.4,2.1,0.6,NA,NA
2017,Portland,4.6,18%,86%,$165,3.8,5.3,2.1,0.6,NA,NA
2016,Portland,4.6,18%,85%,$154,3.8,5.4,2.1,0.6,NA,NA
2017,Norfolk,4.5,6%,72%,$74,8.3,4.9,4.2,2,NA,NA
2016,Tampa,4.5,7%,60%,$153,4.9,3.4,2.3,1.8,NA,NA
2018,Tampa,4.5,8%,60%,$114,6.1,3.5,2.2,1.8,2.8,2.4
2019,Tampa,4.5,8%,62%,$71,6,4,2.3,1.8,2.8,2.6
2020,Tampa,4.5,8%,63%,$48,5.9,3.9,2.3,1.8,2.8,2.6
2017,Milwaukee,4.5,10%,88%,$115,5.7,0.5,2.7,0.9,NA,NA
2014,Milwaukee,4.5,10.60%,87%,$75,NA,NA,2.1,NA,NA,NA
2015,Los Angeles,4.5,14.20%,55%,$68,0.8,0.3,1,1.1,NA,NA
2015,Cincinnati,4.5,15.40%,71%,$203,5.2,1.3,5.1,2.4,NA,NA
2014,Portland,4.5,17.40%,84%,$155,NA,NA,2.1,NA,NA,NA
2020,Hialeah,4.4,2%,69%,$33,5.1,0,1,1.5,2.2,1.3
2019,Hialeah,4.4,2%,68%,$31,3,0,0.7,1.5,1,1.7
2016,Norfolk,4.4,6%,71%,$73,8.2,4.5,4.2,2,NA,NA
2019,Raleigh,4.4,11%,57%,$194,5.2,1.1,2.2,1.6,2.1,0.9
2018,Raleigh,4.4,11%,54%,$202,5.3,0.7,2.1,1.6,2.3,0
2020,Cincinnati,4.4,14%,82%,$190,8.7,1.6,4.9,1.5,3.2,4.5
2018,Cincinnati,4.4,14%,71%,$201,8.9,1.3,5,1.5,6.2,4.5
2019,Cincinnati,4.4,14%,77%,$193,8.9,1.3,5,1.5,3.1,4.5
2016,Raleigh,4.4,14%,54%,$163,5.4,0.7,2.2,1.7,NA,NA
2015,Raleigh,4.4,14.20%,54%,$157,5.5,0.7,2.2,1.7,NA,NA
2017,Raleigh,4.4,15%,54%,$202,6.1,0.8,2.4,1.9,NA,NA
2016,Anchorage,4.4,84%,71%,$77,2.7,2.3,2.8,0.3,NA,NA
2017,Anchorage,4.4,84%,71%,$93,2.6,2.3,2.8,0.3,NA,NA
2015,Anchorage,4.4,84.60%,71%,$74,2.7,2,2.8,0.3,NA,NA
2014,Tucson,4.3,2.70%,53%,$97,NA,NA,3.6,NA,NA,NA
2015,Tucson,4.3,2.70%,56%,$93,1.2,1,3.6,0.6,NA,NA
2016,Baton Rouge,4.3,3%,50%,$49,5.1,0.9,2.9,2.9,NA,NA
2017,Baton Rouge,4.3,3%,50%,$51,5.1,0.9,2.9,2.9,NA,NA
2016,Reno,4.3,5%,71%,$50,3.3,0.8,3,0.3,NA,NA
2017,Reno,4.3,5%,71%,$49,3.9,0.8,3,0.3,NA,NA
2017,Tampa,4.3,7%,60%,$147,4.9,3.3,2.3,1.9,NA,NA
2016,Cincinnati,4.3,14%,71%,$181,5.2,1.3,5.1,2.3,NA,NA
2019,Albuquerque,4.3,23%,87%,$65,2.2,2.4,3.2,1,1.2,0.7
2020,Albuquerque,4.3,23%,87%,$62,2.4,2.4,3.2,1.3,1.5,1.4
2018,Albuquerque,4.3,23%,82%,$62,2.2,2.3,3.1,1.1,1.6,0.7
2015,Albuquerque,4.3,23.70%,82%,$68,2.2,2.2,2.6,1.1,NA,NA
2017,Albuquerque,4.3,24%,82%,$58,2.3,2.4,3,1.1,NA,NA
2016,Albuquerque,4.3,24%,82%,$59,2.2,2.3,2.9,1.1,NA,NA
2013,Tucson,4.21,2.68%,52%,$102.67,NA,NA,2.27,NA,NA,NA
2018,Baton Rouge,4.2,3%,50%,$50,5.9,0.9,2.7,2.9,1.3,0.9
2020,Baton Rouge,4.2,3%,54%,$44,8,0.8,2.6,2.9,1.2,0.8
2019,Baton Rouge,4.2,3%,53%,$49,8.1,0.9,2.7,2.9,1.2,0.9
2013,Virginia Beach,4.13,15.89%,63%,$144.67,NA,NA,4.91,NA,NA,NA
2020,Laredo,4.1,2%,54%,$59,9.4,1.5,2.6,0.8,1,4.5
2017,Laredo,4.1,2%,49%,$66,10.2,0.4,2.4,1,NA,NA
2018,Laredo,4.1,2%,49%,$67,9.7,0.4,2.2,1.7,1,0
2019,Laredo,4.1,2%,54%,$65,9.5,0.4,2.1,1,0.9,0
2018,Hialeah,4.1,2%,62%,$35,3,0,0.7,1.5,1,1.7
2012,Tucson,4.1,2.70%,52%,$100.64,NA,NA,2.17,NA,NA,NA
2018,Irving,4.1,5%,58%,$66,1.2,0.8,3.1,0.8,2.3,0.8
2017,Irving,4.1,5%,58%,$59,1.2,0.9,3.3,0.9,NA,NA
2016,Irving,4.1,5%,57%,$59,1.2,0.9,3.3,0.9,NA,NA
2014,Virginia Beach,4.1,15.60%,57%,$154,NA,NA,4.8,NA,NA,NA
2015,Virginia Beach,4.1,15.60%,58%,$157,3.4,0.7,4.1,0.3,NA,NA
2012,Virginia Beach,4.1,15.90%,62%,$139.63,NA,NA,5,NA,NA,NA
2016,Virginia Beach,4.1,16%,58%,$171,3.4,0.7,4.1,0.3,NA,NA
2014,Albuquerque,4.1,23.60%,81%,$63,NA,NA,2.6,NA,NA,NA
2013,Raleigh,4.09,13.75%,54%,$140.67,NA,NA,2.2,NA,NA,NA
2013,Albuquerque,4.02,18.72%,81%,$64.33,NA,NA,2.69,NA,NA,NA
2017,Fort Wayne,4,3%,44%,$79,1.8,0.8,2.3,0.4,NA,NA
2016,Greensboro,4,9%,59%,$68,2.3,0.7,3.7,0.9,NA,NA
2014,St. Louis,4,9.40%,79%,$77,NA,NA,2.3,NA,NA,NA
2018,San Jose,4,14%,77%,$142,2,1,2.7,1,0.7,1.8
2019,San Jose,4,14%,78%,$124,2.2,1.1,3,1,0.7,1.8
2012,Albuquerque,4,18.80%,81%,$60.11,NA,NA,2.78,NA,NA,NA
2016,Fort Wayne,3.9,3%,42%,$70,1.7,0.8,2.2,0.4,NA,NA
2016,Richmond,3.9,5%,74%,$77,6.8,0.9,3.8,1.8,NA,NA
2017,Richmond,3.9,5%,74%,$75,6.6,1.4,2.8,1.7,NA,NA
2020,Cleveland,3.9,7%,83%,$137,6.1,0.8,3.7,1.2,1,10.6
2019,Cleveland,3.9,7%,82%,$111,6,0.8,3.6,1.2,1.1,10.5
2016,San Jose,3.9,14%,72%,$131,1.5,1,2.7,1.1,NA,NA
2015,San Jose,3.9,14.30%,71%,$128,1.5,0.9,2.6,1.1,NA,NA
2014,San Jose,3.9,14.70%,69%,$124,NA,NA,2.6,NA,NA,NA
2018,Virginia Beach,3.9,16%,61%,$188,3.3,0.6,4.1,0.3,2.4,0.2
2019,Virginia Beach,3.9,16%,64%,$188,3.3,0.6,4.1,0.3,2.1,0.2
2019,El Paso,3.9,19%,56%,$43,4.4,0.7,4.1,0.8,0.6,1.3
2018,El Paso,3.9,19%,50%,$34,2.4,0.6,3.7,0.8,1.3,1.3
2012,Philadelphia,3.7,13.00%,91%,$65.71,NA,NA,3.34,NA,NA,NA
2012,San Jose,3.7,14.10%,69%,$135.68,NA,NA,2.65,NA,NA,NA
2013,San Jose,3.7,14.12%,69%,$140.33,NA,NA,2.72,NA,NA,NA
2016,St. Paul,3.7,15%,96%,$212,4.2,1.4,3.9,1.8,NA,NA
2017,St. Paul,3.7,15%,96%,$202,9.6,1.3,3.8,1.8,NA,NA
2015,St. Paul,3.7,15.30%,96%,$210,4.1,1.4,3.9,1.8,NA,NA
2012,El Paso,3.7,18.00%,47%,$31.12,NA,NA,2.11,NA,NA,NA
2014,El Paso,3.7,18.00%,48%,$34,NA,NA,2.4,NA,NA,NA
2015,El Paso,3.7,18.60%,51%,$36,2.4,0.4,2.6,0.8,NA,NA
2016,El Paso,3.7,19%,49%,$36,2.4,0.4,2.7,0.8,NA,NA
2017,El Paso,3.7,19%,49%,$34,2.4,0.4,2.7,0.8,NA,NA
2013,El Paso,3.67,17.71%,49%,$31.67,NA,NA,2.34,NA,NA,NA
2017,Fresno,3.6,4%,61%,$38,3.6,1.2,1.5,0.3,NA,NA
2017,Orlando,3.6,5%,58%,$124,5.2,1.2,2.6,1.6,NA,NA
2015,Cleveland,3.6,6.40%,79%,$91,5.9,0.5,2.9,1.1,NA,NA
2015,Philadelphia,3.6,13.00%,93%,$61,4.1,0.3,1.6,2.1,NA,NA
2016,Philadelphia,3.6,13%,93%,$65,4.1,0.3,1.7,2.1,NA,NA
2017,Philadelphia,3.6,13%,93%,$59,4.1,0.3,1.7,2.1,NA,NA
2013,Philadelphia,3.6,13.03%,91%,$54.46,NA,NA,3.39,NA,NA,NA
2014,Philadelphia,3.6,13.50%,92%,$61,NA,NA,1.6,NA,NA,NA
2013,Cleveland,3.59,6.29%,76%,$88.00,NA,NA,2.29,NA,NA,NA
2014,Cleveland,3.5,6.50%,77%,$88,NA,NA,3,NA,NA,NA
2018,St. Petersburg,3.5,16%,74%,$137,4.1,2.3,3.3,1.2,4.8,0.4
2017,St. Petersburg,3.5,16%,73%,$133,4.2,2.4,3.4,1.3,NA,NA
2019,St. Petersburg,3.5,16%,75%,$140,4.1,2.3,3.5,1.2,4.8,1.2
2016,St. Petersburg,3.5,16%,73%,$132,2.5,2.4,3.5,1.3,NA,NA
2020,St. Petersburg,3.5,16%,75%,$148,4.1,2.3,3.4,1.2,4.7,1.1
2018,Orlando,3.4,5%,60%,$125,4.7,1.1,2.4,1.5,4.2,0
2016,Cleveland,3.4,6%,79%,$97,6,0.5,3.1,1.1,NA,NA
2017,Cleveland,3.4,6%,80%,$100,6,0.5,3.7,1.1,NA,NA
2019,Orlando,3.4,6%,63%,$121,5,1,2,1.5,4.2,0
2020,Orlando,3.4,6%,64%,$119,5,1,2,1.4,4.2,0
2016,Orlando,3.4,6%,58%,$119,5.2,0.4,2.6,1.6,NA,NA
2014,Corpus Christi,3.3,5.90%,70%,$56,NA,NA,4.5,NA,NA,NA
2015,Corpus Christi,3.3,8.00%,72%,$59,2.8,0,4.5,0.9,NA,NA
2016,Corpus Christi,3.3,8%,72%,$64,2.8,0,4.2,0.8,NA,NA
2012,Kansas City,3.3,8.60%,64%,$135.06,NA,NA,2.17,NA,NA,NA
2017,Corpus Christi,3.3,9%,72%,$73,2.8,0,4.2,0.8,NA,NA
2018,Corpus Christi,3.3,9%,74%,$71,2.7,0.3,4.4,0.8,2.5,0.6
2019,Corpus Christi,3.3,9%,75%,$67,2.6,0.6,4.3,0.8,2.4,0.6
2020,Corpus Christi,3.3,9%,75%,$58,2.7,0.6,4.3,0.7,1.4,0.6
2018,Philadelphia,3.3,13%,93%,$84,4.8,0.4,1.6,2.1,1.7,5
2012,Mesa,3.2,2.60%,60%,$60.96,NA,NA,1.16,NA,NA,NA
2019,Irving,3.2,5%,62%,$68,1.1,1.2,3.1,0.8,0.2,0.8
2020,Irving,3.2,5%,64%,$72,1.1,1.2,3,0.8,0.2,0.8
2013,Long Beach,3.2,9.71%,78%,$125.00,NA,NA,1.49,NA,NA,NA
2019,Long Beach,3.2,10%,83%,$205,1.6,2.1,1.4,1.1,3.7,0
2018,Long Beach,3.2,10%,81%,$208,1.6,2.1,1.4,1.1,2.5,0
2020,Long Beach,3.2,10%,84%,$180,1.6,2.1,1.4,1.3,3.7,0.2
2014,Long Beach,3.2,10.00%,79%,$147,NA,NA,1.2,NA,NA,NA
2012,Long Beach,3.2,10.30%,70%,$130.54,NA,NA,1.5,NA,NA,NA
2017,San Jose,3.2,14%,75%,$147,1.6,1,2.7,1.1,NA,NA
2018,St. Paul,3.2,15%,96%,$218,7.8,1.3,3.7,1.7,10.5,1
2019,St. Paul,3.2,15%,98%,$220,7.7,1.3,4,1.7,3.2,1.3
2020,St. Paul,3.2,15%,99%,$219,7.7,1.3,4,1.7,3.2,1.3
2013,Mesa,3.15,2.62%,60%,$69.33,NA,NA,1.37,NA,NA,NA
2014,Mesa,3.1,2.70%,60%,$75,NA,NA,1.3,NA,NA,NA
2015,Mesa,3.1,2.80%,64%,$72,2.7,0.4,1.4,0.2,NA,NA
2014,Atlanta,3.1,5.80%,65%,$87,NA,NA,2.5,NA,NA,NA
2018,Cleveland,3.1,6%,80%,$105,6,0.5,3.7,1.1,2.9,10.4
2017,Atlanta,3.1,6%,66%,$134,2.8,1.1,3,1.5,NA,NA
2016,Atlanta,3.1,6%,66%,$120,2.9,0.9,3.1,1.5,NA,NA
2015,Atlanta,3.1,6.10%,66%,$98,2.9,0.4,2.5,1.5,NA,NA
2012,Atlanta,3,5.60%,63%,$99.39,NA,NA,2.02,NA,NA,NA
2016,Long Beach,3,10%,80%,$186,1.6,1.9,1.1,1.1,NA,NA
2017,Long Beach,3,10%,81%,$205,1.6,1.9,1.3,1.1,NA,NA
2015,Long Beach,3,10.10%,80%,$162,1.6,1.3,1.2,1.1,NA,NA
2020,Philadelphia,3,13%,95%,$138,4.9,0.5,2.8,2.3,2.2,5.8
2019,Philadelphia,3,13%,95%,$123,4.8,0.4,1.6,2,1.6,5
2020,San Jose,3,15%,82%,$108,1.8,1.3,3.1,1,1.1,2
2013,Atlanta,2.95,5.61%,64%,$90.33,NA,NA,2.6,NA,NA,NA
2013,Kansas City,2.93,8.64%,64%,$127.33,NA,NA,2.17,NA,NA,NA
2020,Atlanta,2.9,6%,72%,$151,2.6,1,2.8,1.5,0.4,2.2
2019,Atlanta,2.9,6%,71%,$138,2.7,0.8,2.9,1.5,0.4,2.3
2018,Atlanta,2.9,6%,66%,$139,2.8,0.9,3,1.5,0.6,2.4
2018,Mesa,2.8,3%,64%,$69,2.8,0.4,1.4,0.2,0.6,0.4
2019,Mesa,2.8,3%,65%,$68,2.8,0.4,1.3,0.2,0.6,0.6
2020,Mesa,2.8,4%,66%,$65,2.8,0.4,1.3,0.2,0.7,0.6
2012,Seattle,2.8,10.20%,90%,$260.77,NA,NA,2.11,NA,NA,NA
2020,El Paso,2.8,19%,59%,$56,4.4,0.7,4.1,0.8,0.6,1.3
2017,Mesa,2.7,3%,63%,$69,2.7,0.4,1.4,0.2,NA,NA
2013,Seattle,2.7,10.32%,92%,$261.00,NA,NA,2.14,NA,NA,NA
2016,Mesa,2.6,3%,64%,$70,2.6,0.4,1.4,0.2,NA,NA
2018,Miami,2.6,7%,80%,$87,3.2,0.9,1.3,1.6,3.8,0
2019,Miami,2.6,7%,86%,$77,3.1,0.9,1.3,1.6,3.8,0
2020,Miami,2.6,7%,87%,$48,3.1,0.9,1.3,1.6,3.8,0
2014,Detroit,2.5,6.70%,77%,$23,NA,NA,4.4,NA,NA,NA
2018,Richmond,2.5,7%,73%,$75,3.4,1.3,2.2,2,2.7,0
2017,"Arlington, Virginia",2.5,11%,98%,$230,4.1,3.5,4.7,1.5,NA,NA
2013,Oakland,2.5,11.93%,85%,$122.33,NA,NA,1.87,NA,NA,NA
2017,Oakland,2.5,12%,85%,$145,2.6,1,1.8,1.3,NA,NA
2016,Oakland,2.5,18%,85%,$143,2.7,0.7,1.8,1.2,NA,NA
2015,Oakland,2.5,18.30%,85%,$144,2.7,0.7,1.8,1.2,NA,NA
2014,Oakland,2.5,18.30%,85%,$141,NA,NA,1.8,NA,NA,NA
2017,Las Vegas,2.5,19%,70%,$127,1.4,4.3,4.1,0.8,NA,NA
2018,Las Vegas,2.5,19%,64%,$118,1.3,4,3.9,0.8,1.3,3.7
2014,Miami,2.4,5.10%,75%,$79,NA,NA,1.4,NA,NA,NA
2020,Detroit,2.4,6%,80%,$80,2.6,0.9,2.7,0.5,0.5,1.2
2017,Detroit,2.4,6%,78%,$21,3.2,0.6,4.7,0.4,NA,NA
2016,Detroit,2.4,6%,78%,$15,3.1,0.6,4.7,0.4,NA,NA
2018,Detroit,2.4,6%,77%,$40,2.4,0.8,2.7,0.4,0.5,0.6
2015,Detroit,2.4,6.40%,78%,$19,3,0.6,4.5,0.4,NA,NA
2017,Miami,2.4,7%,80%,$100,3.3,0.9,1.4,1.6,NA,NA
2019,Detroit,2.4,7%,80%,$54,2.6,0.9,3,0.5,0.5,0.9
2014,Seattle,2.4,10.50%,92%,$257,NA,NA,2,NA,NA,NA
2018,"Arlington, Virginia",2.4,11%,98%,$240,5.7,3.5,4.3,1.4,3.1,2.2
2020,"Arlington, Virginia",2.4,11%,99%,$301,7.9,3.5,4.4,1.1,3.1,2.2
2019,"Arlington, Virginia",2.4,11%,98%,$267,7.8,3.5,4.4,1.1,3.1,2.2
2017,Seattle,2.4,12%,94%,$279,1.9,2.1,2.2,0.8,NA,NA
2018,Seattle,2.4,12%,94%,$276,3.3,2,2.2,0.8,2.8,1.3
2016,Seattle,2.4,12%,93%,$275,1.9,2.2,2.3,0.8,NA,NA
2015,Seattle,2.4,12.40%,93%,$265,1.9,2.1,2.3,0.8,NA,NA
2019,Seattle,2.4,13%,96%,$279,3.3,2,2.1,0.8,2.4,1.3
2020,Seattle,2.4,13%,96%,$320,3.3,1.9,2.1,0.7,2.4,1.2
2019,St. Louis,2.3,9%,95%,$261,2.7,1.6,2.7,0.6,2.2,1.9
2020,St. Louis,2.3,10%,98%,$199,2.8,1.9,2.9,0.6,2.4,2.6
2018,St. Louis,2.3,10%,88%,$265,2.7,1.6,2.6,0.6,2.8,1.9
2015,Honolulu,2.3,33.00%,84%,$46,3.9,0.6,1.3,1.9,NA,NA
2016,Honolulu,2.3,33%,84%,$50,5.8,0.6,1.3,1.9,NA,NA
2014,Honolulu,2.3,33.00%,83%,$39,NA,NA,1.3,NA,NA,NA
2017,Honolulu,2.3,33%,84%,$51,5.7,0.6,1.3,1.9,NA,NA
2019,Fresno,2.2,3%,67%,$37,4.5,1.3,2.6,0.6,0.9,0.9
2020,Fresno,2.2,4%,67%,$42,4.6,1.3,2.6,0.6,0.9,0.9
2018,Fresno,2.2,4%,62%,$42,4.6,1.3,2.6,0.6,0.9,1
2016,Chicago,2.2,9%,92%,$172,2.9,0.8,2.4,1.9,NA,NA
2015,Chicago,2.2,9.10%,92%,$167,2.9,0.8,2.4,1.8,NA,NA
2014,Chicago,2.2,9.10%,91%,$154,NA,NA,2.4,NA,NA,NA
2018,Chicago,2.2,10%,98%,$172,4.6,0.9,3.5,1.8,2.4,8.6
2019,Chicago,2.2,10%,98%,$171,4.6,0.9,3.6,1.7,2.4,8.7
2020,Chicago,2.2,10%,98%,$179,4.7,1,3.6,1.8,2.4,8.8
2020,Pittsburgh,2.2,10%,92%,$142,6.1,2.3,3.9,1.7,0.6,9.1
2017,St. Louis,2.2,10%,90%,$271,2.6,1.6,2.3,0.6,NA,NA
2019,Pittsburgh,2.2,10%,91%,$117,4.7,2.3,3.8,1.7,0.6,8.7
2018,Pittsburgh,2.2,10%,84%,$100,3.6,2.3,3.8,1.7,4.3,8.4
2013,Miami,2.14,5.22%,72%,$75.97,NA,NA,1.43,NA,NA,NA
2016,"Arlington, Virginia",2.1,11%,98%,$235,4,3.6,4.6,1.5,NA,NA
2018,Oakland,2.1,12%,85%,$108,2.6,3.8,1.8,1.2,3.5,0.5
2019,Oakland,2.1,12%,87%,$103,2.6,3.8,1.7,1.1,1.3,0
2020,Oakland,2.1,12%,89%,$65,2.6,3.8,1.8,1.2,1.3,0
2013,Detroit,2.08,5.53%,77%,$28.33,NA,NA,4.32,NA,NA,NA
2012,Detroit,2,5.70%,77%,$31.00,NA,NA,4.31,NA,NA,NA
2012,Chicago,2,8.50%,90%,$128.08,NA,NA,2.3,NA,NA,NA
2013,Chicago,2,8.53%,90%,$138.67,NA,NA,2.43,NA,NA,NA
2017,Pittsburgh,2,10%,84%,$69,3.6,2.3,4.1,1.7,NA,NA
2012,San Francisco,2,17.90%,98%,$291.66,NA,NA,1.78,NA,NA,NA
2020,New Orleans,2,26%,80%,$165,3.3,0.8,4.8,0.7,2.6,0.3
2019,New Orleans,2,26%,80%,$177,1.6,0.8,2.5,0.7,2.6,0.3
2018,New Orleans,2,26%,77%,$162,1.7,0.8,2.6,0.7,3.2,0.3
2013,San Francisco,1.91,17.95%,98%,$280.67,NA,NA,1.8,NA,NA,NA
2016,Miami,1.9,6%,79%,$88,3.3,0.7,1.4,1.5,NA,NA
2015,Miami,1.9,6.30%,78%,$91,3.4,0.7,1.4,1.5,NA,NA
2014,San Francisco,1.9,19.00%,98%,$216,NA,NA,1.6,NA,NA,NA
2015,San Francisco,1.9,19.00%,99%,$229,1.9,3.5,1.6,0.6,NA,NA
2017,New Orleans,1.9,26%,77%,$116,1.6,0.8,2.5,0.7,NA,NA
2016,San Francisco,1.8,19%,99%,$223,1.9,3.5,1.9,0.6,NA,NA
2015,New Orleans,1.8,25.30%,76%,$84,1.7,0.5,2.6,0.5,NA,NA
2016,New Orleans,1.8,26%,76%,$90,1.7,0.8,2.5,0.5,NA,NA
2014,New Orleans,1.8,26.40%,72%,$104,NA,NA,2.6,NA,NA,NA
2016,Pittsburgh,1.7,8%,84%,$64,3.7,2,4.2,1.7,NA,NA
2015,Pittsburgh,1.7,9.80%,84%,$82,3.5,2,4.2,1.6,NA,NA
2015,Boston,1.7,16.90%,98%,$118,3.7,0.8,3.1,1,NA,NA
2016,Boston,1.7,17%,98%,$122,3.8,1.1,2.9,1,NA,NA
2019,Norfolk,1.6,5%,75%,$78,28.2,4.8,6.6,2,0.6,2
2018,Norfolk,1.6,5%,72%,$80,28.3,4.8,6.6,2,0.6,2
2020,Norfolk,1.6,5%,75%,$84,16.2,5.2,6.6,1.9,0.6,1.2
2017,San Francisco,1.6,20%,100%,$235,3.8,3.8,2.4,0.8,NA,NA
2017,Boston,1.5,17%,98%,$112,3.4,1.1,4.1,1,NA,NA
2017,"Washington, D.C.",1.5,22%,97%,$270,4,1.7,1.8,2.3,NA,NA
2015,St. Louis,1.4,9.40%,86%,$101,2,1.6,2.4,0.6,NA,NA
2017,Chicago,1.4,10%,97%,$173,4.5,0.9,3.5,1.8,NA,NA
2016,St. Louis,1.4,10%,90%,$151,2.1,1.6,2.4,0.6,NA,NA
2020,Boston,1.4,17%,100%,$162,3.8,1.9,4,0.9,1,10.3
2018,Boston,1.4,17%,99%,$118,3.3,1.2,4,0.9,1.3,9.2
2019,Boston,1.4,17%,100%,$131,3.3,1.8,3.9,0.9,1,10.5
2019,"Washington, D.C.",1.4,21%,98%,$270,5.9,1.9,1.7,2.3,2.9,3.9
2018,"Washington, D.C.",1.4,22%,98%,$257,5.4,1.8,1.7,2.3,2.1,3.7
2020,"Washington, D.C.",1.4,24%,98%,$307,6.3,2,1.9,2.2,2.6,4.1
2013,Boston,1.31,15.89%,97%,$110.33,NA,NA,3.59,NA,NA,NA
2012,Boston,1.3,15.80%,97%,$105.70,NA,NA,3.44,NA,NA,NA
2018,San Francisco,1.3,20%,100%,$279,5.4,3.7,2.6,0.8,1.7,1.4
2019,San Francisco,1.3,20%,100%,$318,4.1,4.2,2.6,0.8,2.6,0.8
2020,San Francisco,1.3,21%,100%,$399,4.2,4.1,2.9,0.8,2.4,1
2016,Newark,1.1,6%,91%,$36,1.5,0,0.8,0.9,NA,NA
2015,Buffalo,1.1,7.50%,85%,$56,5.8,0.8,2.4,0.7,NA,NA
2020,Buffalo,1.1,8%,90%,$86,6.3,0.8,2.3,0.7,2.3,4.2
2019,Buffalo,1.1,8%,89%,$66,6.3,0.8,2.3,0.7,2.3,4.2
2018,Buffalo,1.1,8%,85%,$54,6.3,0.8,2.3,0.7,4.2,4.2
2016,Buffalo,1.1,8%,85%,$52,5.9,0.8,2.4,0.7,NA,NA
2017,Buffalo,1.1,8%,85%,$48,6.3,0.8,2.3,0.7,NA,NA
2019,Las Vegas,1.1,19%,74%,$99,1.3,3.9,3.9,0.7,1.2,4.1
2012,New York,1.1,19.60%,96%,$152.39,NA,NA,2.05,NA,NA,NA
2020,Las Vegas,1.1,20%,75%,$84,1.2,3.8,3.1,0.7,1.2,5.2
2014,New York,1.1,20.50%,97%,$171,NA,NA,2,NA,NA,NA
2015,New York,1.1,20.80%,97%,$172,3.5,1.6,2,0.1,NA,NA
2018,New York,1.1,21%,97%,$198,3.6,1.6,2.2,0.1,0.8,9
2020,New York,1.1,21%,99%,$232,4.1,1.7,2.1,0.1,0.8,6.9
2019,New York,1.1,22%,99%,$198,4,1.7,2.1,0.1,0.8,6.8
2013,New York,1.06,19.72%,96%,$160.33,NA,NA,2.05,NA,NA,NA
2017,Newark,1,6%,90%,$26,1.5,0,0.8,0.9,NA,NA
2015,Newark,1,6.10%,90%,$41,1.5,0,0.8,0.9,NA,NA
2014,Boston,1,16.90%,97%,$112,NA,NA,3.5,NA,NA,NA
2017,New York,1,21%,97%,$179,3.6,1.6,2,0.1,NA,NA
2016,New York,1,21%,97%,$186,3.5,1.5,2,0.1,NA,NA
2020,Newark,0.9,6%,94%,$53,2.6,0.4,1,0.8,1.1,3.5
2019,Newark,0.9,6%,93%,$48,2.6,0,0.9,0.8,1,3.5
2013,Baltimore,0.83,9.47%,85%,$61.18,NA,NA,3.22,NA,NA,NA
2012,Baltimore,0.8,9.50%,85%,$62.63,NA,NA,3.14,NA,NA,NA
2014,Baltimore,0.8,9.60%,85%,$62,NA,NA,3.2,NA,NA,NA
2015,Baltimore,0.8,9.60%,85%,$62,1.6,0.3,3.2,1.3,NA,NA
2016,Baltimore,0.8,10%,85%,$71,1.6,0.3,3.2,1.3,NA,NA
2017,Baltimore,0.8,10%,85%,$70,1.6,0.5,3.2,1.3,NA,NA
2020,Baltimore,0.8,10%,87%,$73,2.6,0.5,3.3,1.5,0.6,1
2018,Baltimore,0.8,10%,85%,$78,1.6,0.5,3.2,1.3,0.6,1
2019,Baltimore,0.8,10%,87%,$69,1.6,0.5,3.3,1.4,0.6,1
2015,"Washington, D.C.",0.8,21.90%,97%,$343,4,1.7,1.8,2.3,NA,NA
2014,"Washington, D.C.",0.8,21.90%,96%,$353,NA,NA,1.8,NA,NA,NA
2016,"Washington, D.C.",0.8,22%,97%,$287,4.1,1.7,1.7,2.4,NA,NA
2018,Newark,0.7,6%,90%,$42,2.5,0,1,0.8,2.2,3.2
2012,"Washington, D.C.",0.7,19.10%,96%,$303.45,NA,NA,1.68,NA,NA,NA
2013,"Washington, D.C.",0.67,19.65%,96%,$343.67,NA,NA,1.73,NA,NA,NA
2015,Jersey City,0.6,17.90%,91%,$24,2.6,2.3,1.4,1,NA,NA
2016,Jersey City,0.6,18%,91%,$29,2.6,2.3,1.4,1,NA,NA
2017,Jersey City,0.6,18%,91%,$27,2.6,2.3,1.4,1,NA,NA
2020,Jersey City,0.6,18%,94%,$32,2.7,2.1,1.2,0.9,0.5,3.9
2019,Jersey City,0.6,18%,93%,$27,2.5,2.5,1.3,0.9,0.9,3.6
2018,Jersey City,0.6,18%,91%,$29,2.6,2.2,1.3,1,1.8,0